sender,receiver,tx_id
addr1qy9yrva9vnxjd09vvnr7v8z7qzr73vyyd40qhnhz98yk9aq3wj76wr3m5njwkezqp2qzed6cgy40q3ax3yxddm29ygcqez2pvl,addr1qy9yrva9vnxjd09vvnr7v8z7qzr73vyyd40qhnhz98yk9aq3wj76wr3m5njwkezqp2qzed6cgy40q3ax3yxddm29ygcqez2pvl,106066808
addr1qxlhz4d0vcmut378mu56zgzng4wm8xj4dqjahdvxn6tzk3mj58v9gz4wrerzqvm0v5xvcygl0unpe2ndw4yuy679nz3qv7hv3f,addr1wxn9efv2f6w82hagxqtn62ju4m293tqvw0uhmdl64ch8uwc0h43gt,109537649
addr1qxlhz4d0vcmut378mu56zgzng4wm8xj4dqjahdvxn6tzk3mj58v9gz4wrerzqvm0v5xvcygl0unpe2ndw4yuy679nz3qv7hv3f,addr1qxlhz4d0vcmut378mu56zgzng4wm8xj4dqjahdvxn6tzk3mj58v9gz4wrerzqvm0v5xvcygl0unpe2ndw4yuy679nz3qv7hv3f,109537649
addr1qxlhz4d0vcmut378mu56zgzng4wm8xj4dqjahdvxn6tzk3mj58v9gz4wrerzqvm0v5xvcygl0unpe2ndw4yuy679nz3qv7hv3f,addr1qyylzh9428hzu2rlsuv50hntjm8qw6s3may0a2fcsd8demmj58v9gz4wrerzqvm0v5xvcygl0unpe2ndw4yuy679nz3q9j4umr,109537649
addr1q8k8fauns9syu05xc0n0rtaa6sj2cl6kwlpcx2jvvjdz4j5cell99ey8lzj65ne7m8pvvr2cuswkkflal02agavlwxdsmq45n8,addr1qx3jt2ddwkcwccku7e7nfmmmd0d5sguy3cdjnv6m7zf03p2hf6gsq5ye5wgu25kyrwlggl523ff6qtf3u2skntuwryeqj5f5xp,109878818
addr1q8k8fauns9syu05xc0n0rtaa6sj2cl6kwlpcx2jvvjdz4j5cell99ey8lzj65ne7m8pvvr2cuswkkflal02agavlwxdsmq45n8,addr1q8m97lg7rrnk6cl6rh2lzpw5dfyx5vf98f4kpek547yg6lvcell99ey8lzj65ne7m8pvvr2cuswkkflal02agavlwxdsxwfjuy,109878818
addr1q84fpuye5x98qh423fc5sg5nwx6zg3qrll6d9kr5kz47g249e23557mnyl44zshd4k6hx5plt867c9lt5ehcz85rlaxsqxtsrd,addr1q84fpuye5x98qh423fc5sg5nwx6zg3qrll6d9kr5kz47g249e23557mnyl44zshd4k6hx5plt867c9lt5ehcz85rlaxsqxtsrd,103705810
addr1qy6pk28tku9un33mr9frhzswl3smh5mq574tvvh9fla4uqlk7clayad5pu8ync9q6kngp5y5mwmul7zwzmzp48lnvm0q0xpe50,addr1q8hw32qj56pz9k4pmrzqvlvm26zdj6udxltyxh4nq45sgrj04y59cvptj4a0qvemzz52n36jl33fwv4sk4vj60qu5wesldascj,104998886
addr1qy6pk28tku9un33mr9frhzswl3smh5mq574tvvh9fla4uqlk7clayad5pu8ync9q6kngp5y5mwmul7zwzmzp48lnvm0q0xpe50,addr1qx7zqkf4aapmdh6js3xe3c6k2mnfpfj69crf2rpg2du26s0k7clayad5pu8ync9q6kngp5y5mwmul7zwzmzp48lnvm0q7qzata,104998886
addr1qy6pk28tku9un33mr9frhzswl3smh5mq574tvvh9fla4uqlk7clayad5pu8ync9q6kngp5y5mwmul7zwzmzp48lnvm0q0xpe50,addr1qx7zqkf4aapmdh6js3xe3c6k2mnfpfj69crf2rpg2du26s0k7clayad5pu8ync9q6kngp5y5mwmul7zwzmzp48lnvm0q7qzata,104998886
addr1q9yctu0uvngcdpw9jvv9vn077qdjskcl42jnektpeturnnlz4xsm0wc2vtryn3dcj4se6agmk6znych9cgjpf0glx5xq32nm5n,addr1q8rcvej57dmp9v5ts5vfkxzzylpkscx0gwz0jv4j0cj65g4xspuu2ctples0wgqx8nd78tmqs4ugv90plj8snkurfkxq5qrct9,107626900
addr1q9yctu0uvngcdpw9jvv9vn077qdjskcl42jnektpeturnnlz4xsm0wc2vtryn3dcj4se6agmk6znych9cgjpf0glx5xq32nm5n,addr1q9yctu0uvngcdpw9jvv9vn077qdjskcl42jnektpeturnnlz4xsm0wc2vtryn3dcj4se6agmk6znych9cgjpf0glx5xq32nm5n,107626900
addr1q9yctu0uvngcdpw9jvv9vn077qdjskcl42jnektpeturnnlz4xsm0wc2vtryn3dcj4se6agmk6znych9cgjpf0glx5xq32nm5n,addr1q9yctu0uvngcdpw9jvv9vn077qdjskcl42jnektpeturnnlz4xsm0wc2vtryn3dcj4se6agmk6znych9cgjpf0glx5xq32nm5n,107626900
addr1qywguxj4qtxj9ezgtq5vcpjpg0mhnj7w60dykadr4z72r75kgmudslkfq4f83yl0xyj9f8z82n7rpk54fc9ae9d4hx8scclgrh,addr1q9ad5mud938r7l24eaac4v57ydlj72hazgprts9f7daaz09mm95jvs5h94099yglxr7v6ug6pp43780huy040lm4utmqx8g5eu,108218994
addr1qywguxj4qtxj9ezgtq5vcpjpg0mhnj7w60dykadr4z72r75kgmudslkfq4f83yl0xyj9f8z82n7rpk54fc9ae9d4hx8scclgrh,addr1wxn9efv2f6w82hagxqtn62ju4m293tqvw0uhmdl64ch8uwc0h43gt,108218994
addr1qywguxj4qtxj9ezgtq5vcpjpg0mhnj7w60dykadr4z72r75kgmudslkfq4f83yl0xyj9f8z82n7rpk54fc9ae9d4hx8scclgrh,addr1qywguxj4qtxj9ezgtq5vcpjpg0mhnj7w60dykadr4z72r75kgmudslkfq4f83yl0xyj9f8z82n7rpk54fc9ae9d4hx8scclgrh,108218994
addr1q9cwvremt6n320s2e3agq0jyq82yhrk3htsu0w426xnz5us70z4w0jgvcdkkynmm8wmds66jd9kusnjfpu6raw5fqp0sr07p5w,addr1q9cwvremt6n320s2e3agq0jyq82yhrk3htsu0w426xnz5us70z4w0jgvcdkkynmm8wmds66jd9kusnjfpu6raw5fqp0sr07p5w,108934121
addr1q8qaza28r0dywyuq0jf8peukzx7cug76pszyv8j9axqvm7p00np7rs7e7ev94avf0dhhx7m0fy05kg9zqttp0zfutplqr87286,addr1qxut96dx0r4s2xsahz0m48y0w32a20vummqnzqun35veqwauyat48uy84s5vkljwxzucr2s6899n57sc05j5y54q0u7s5l0gsr,111931742
addr1q8qaza28r0dywyuq0jf8peukzx7cug76pszyv8j9axqvm7p00np7rs7e7ev94avf0dhhx7m0fy05kg9zqttp0zfutplqr87286,addr1q9cwvremt6n320s2e3agq0jyq82yhrk3htsu0w426xnz5us70z4w0jgvcdkkynmm8wmds66jd9kusnjfpu6raw5fqp0sr07p5w,111931742
addr1q8qaza28r0dywyuq0jf8peukzx7cug76pszyv8j9axqvm7p00np7rs7e7ev94avf0dhhx7m0fy05kg9zqttp0zfutplqr87286,addr1q97dl36nmsdmjxpz42pcsjjh9xjg99rufrskjrz2htsrdvwg0yfg6d2f807gh2w2aa5lldah4s36f6e3yvzjl78kxkyqxx73pm,111931742
addr1q8qaza28r0dywyuq0jf8peukzx7cug76pszyv8j9axqvm7p00np7rs7e7ev94avf0dhhx7m0fy05kg9zqttp0zfutplqr87286,addr1q8qaza28r0dywyuq0jf8peukzx7cug76pszyv8j9axqvm7p00np7rs7e7ev94avf0dhhx7m0fy05kg9zqttp0zfutplqr87286,111931742
addr1q8qaza28r0dywyuq0jf8peukzx7cug76pszyv8j9axqvm7p00np7rs7e7ev94avf0dhhx7m0fy05kg9zqttp0zfutplqr87286,addr1q8qaza28r0dywyuq0jf8peukzx7cug76pszyv8j9axqvm7p00np7rs7e7ev94avf0dhhx7m0fy05kg9zqttp0zfutplqr87286,111931742
addr1qyht4ja0zcn45qvyx477qlyp6j5ftu5ng0prt9608dxp6l2j2c79gy9l76sdg0xwhd7r0c0kna0tycz4y5s6mlenh8pq4jxtdy,addr1qyht4ja0zcn45qvyx477qlyp6j5ftu5ng0prt9608dxp6l2j2c79gy9l76sdg0xwhd7r0c0kna0tycz4y5s6mlenh8pq4jxtdy,111382236
addr1qyht4ja0zcn45qvyx477qlyp6j5ftu5ng0prt9608dxp6l2j2c79gy9l76sdg0xwhd7r0c0kna0tycz4y5s6mlenh8pq4jxtdy,addr1qyht4ja0zcn45qvyx477qlyp6j5ftu5ng0prt9608dxp6l2j2c79gy9l76sdg0xwhd7r0c0kna0tycz4y5s6mlenh8pq4jxtdy,111382236
addr1qyht4ja0zcn45qvyx477qlyp6j5ftu5ng0prt9608dxp6l2j2c79gy9l76sdg0xwhd7r0c0kna0tycz4y5s6mlenh8pq4jxtdy,addr1q8wptstsprk8hgulf3jsfrknfh0zepaag73w7jd2v9trwclr27t4sy2lcajjvsjdc88wy9vz8dnc4g5l8ytrx8h7kddscafy7c,111382236
addr1qyht4ja0zcn45qvyx477qlyp6j5ftu5ng0prt9608dxp6l2j2c79gy9l76sdg0xwhd7r0c0kna0tycz4y5s6mlenh8pq4jxtdy,addr1z8snz7c4974vzdpxu65ruphl3zjdvtxw8strf2c2tmqnxz2j2c79gy9l76sdg0xwhd7r0c0kna0tycz4y5s6mlenh8pq0xmsha,111382236
addr1q84fpuye5x98qh423fc5sg5nwx6zg3qrll6d9kr5kz47g249e23557mnyl44zshd4k6hx5plt867c9lt5ehcz85rlaxsqxtsrd,addr1q84fpuye5x98qh423fc5sg5nwx6zg3qrll6d9kr5kz47g249e23557mnyl44zshd4k6hx5plt867c9lt5ehcz85rlaxsqxtsrd,103705810
addr1q84fpuye5x98qh423fc5sg5nwx6zg3qrll6d9kr5kz47g249e23557mnyl44zshd4k6hx5plt867c9lt5ehcz85rlaxsqxtsrd,addr1q84fpuye5x98qh423fc5sg5nwx6zg3qrll6d9kr5kz47g249e23557mnyl44zshd4k6hx5plt867c9lt5ehcz85rlaxsqxtsrd,103705810
addr1q8sknf39qhaawnunfc5e9wqzlr9phf5dkcz945kts8q39fyk2squ9v5j32vvkh09awahvjukg0ucft90070tanywrlespeat98,addr1qyw3cxrdt0pzadtqxhphudc0phxzcvqw3e0slfr2d07a4xdq8hj5am754jhsusxarj55n77d9an937ts8j84nj5k3fmqddwtss,104191472
addr1q8sknf39qhaawnunfc5e9wqzlr9phf5dkcz945kts8q39fyk2squ9v5j32vvkh09awahvjukg0ucft90070tanywrlespeat98,addr1q9cwvremt6n320s2e3agq0jyq82yhrk3htsu0w426xnz5us70z4w0jgvcdkkynmm8wmds66jd9kusnjfpu6raw5fqp0sr07p5w,104191472
addr1q8sknf39qhaawnunfc5e9wqzlr9phf5dkcz945kts8q39fyk2squ9v5j32vvkh09awahvjukg0ucft90070tanywrlespeat98,addr1q98kymz49c77k2epug9lmver5hdjtczqfzayxkknue4m8ttd3393p6rug9d2nhv0j4n6d4s0m98xu32f6hdvguak5w7qerrap8,104191472
addr1q8sknf39qhaawnunfc5e9wqzlr9phf5dkcz945kts8q39fyk2squ9v5j32vvkh09awahvjukg0ucft90070tanywrlespeat98,addr1q8sknf39qhaawnunfc5e9wqzlr9phf5dkcz945kts8q39fyk2squ9v5j32vvkh09awahvjukg0ucft90070tanywrlespeat98,104191472
addr1q8sknf39qhaawnunfc5e9wqzlr9phf5dkcz945kts8q39fyk2squ9v5j32vvkh09awahvjukg0ucft90070tanywrlespeat98,addr1q8sknf39qhaawnunfc5e9wqzlr9phf5dkcz945kts8q39fyk2squ9v5j32vvkh09awahvjukg0ucft90070tanywrlespeat98,104191472
addr1q8sknf39qhaawnunfc5e9wqzlr9phf5dkcz945kts8q39fyk2squ9v5j32vvkh09awahvjukg0ucft90070tanywrlespeat98,addr1q8sknf39qhaawnunfc5e9wqzlr9phf5dkcz945kts8q39fyk2squ9v5j32vvkh09awahvjukg0ucft90070tanywrlespeat98,104191472
addr1q8sknf39qhaawnunfc5e9wqzlr9phf5dkcz945kts8q39fyk2squ9v5j32vvkh09awahvjukg0ucft90070tanywrlespeat98,addr1q8sknf39qhaawnunfc5e9wqzlr9phf5dkcz945kts8q39fyk2squ9v5j32vvkh09awahvjukg0ucft90070tanywrlespeat98,104191472
addr1q8sknf39qhaawnunfc5e9wqzlr9phf5dkcz945kts8q39fyk2squ9v5j32vvkh09awahvjukg0ucft90070tanywrlespeat98,addr1q8sknf39qhaawnunfc5e9wqzlr9phf5dkcz945kts8q39fyk2squ9v5j32vvkh09awahvjukg0ucft90070tanywrlespeat98,104191472
addr1q8sknf39qhaawnunfc5e9wqzlr9phf5dkcz945kts8q39fyk2squ9v5j32vvkh09awahvjukg0ucft90070tanywrlespeat98,addr1q8sknf39qhaawnunfc5e9wqzlr9phf5dkcz945kts8q39fyk2squ9v5j32vvkh09awahvjukg0ucft90070tanywrlespeat98,104191472
addr1q8sknf39qhaawnunfc5e9wqzlr9phf5dkcz945kts8q39fyk2squ9v5j32vvkh09awahvjukg0ucft90070tanywrlespeat98,addr1q8sknf39qhaawnunfc5e9wqzlr9phf5dkcz945kts8q39fyk2squ9v5j32vvkh09awahvjukg0ucft90070tanywrlespeat98,104191472
addr1w9xc5279jqxql020jp295d377nqrms826gnhgqxt5g5m9dqlfqf3f,addr1vy3qpx09uscywhppj5vp08hu0ekg9zwmq2ysfq6qyh2mpps865j6t,112575837
addr1w9xc5279jqxql020jp295d377nqrms826gnhgqxt5g5m9dqlfqf3f,addr1v8pr9mwnqarw808gtllvmlxvk70hnszrukjeqfstr9t9g5crud8c4,112575837
addr1w9xc5279jqxql020jp295d377nqrms826gnhgqxt5g5m9dqlfqf3f,addr1q83tu28tyh3af2pusv24a2738h22q532p0n3mw6z295sfpm6h8zduuey3ln3k4cpv8d2e3kapuc5z03kfweszzkcxv6qdndzy2,112575837
addr1w9xc5279jqxql020jp295d377nqrms826gnhgqxt5g5m9dqlfqf3f,addr1qxx605mz0elnnfppq8atvkmdyf4agmr2k67thrr894pd7gvhz9up0gn20jtw6n34anlmpjgax4zflvvav6lw0fs7tnlqzj24lz,112575837
addr1w9xc5279jqxql020jp295d377nqrms826gnhgqxt5g5m9dqlfqf3f,addr1q9cd5h6tvy65demnwnm46fxd89v0apph8e823vheuuyvwywdtnhamv90gdpnm8halrkel3dcz86kfzujy3nfdcrrfs3slrd6hm,112575837
addr1w9xc5279jqxql020jp295d377nqrms826gnhgqxt5g5m9dqlfqf3f,addr1q8qahpqnr7px883ktuavljv3yr9srnmr7x6pgkvtwvmwusgnfjhdwxgx2kd9l0v50hcqnq42tfes82xharn07fjeltyqwn9nm7,112575837
addr1w9xc5279jqxql020jp295d377nqrms826gnhgqxt5g5m9dqlfqf3f,addr1w9xc5279jqxql020jp295d377nqrms826gnhgqxt5g5m9dqlfqf3f,112575837
addr1w9xc5279jqxql020jp295d377nqrms826gnhgqxt5g5m9dqlfqf3f,addr1wxcpjfdxav75dfr2m653l2pf38q5juwz8fst6v5sqdcjsns74jyxe,112575837
addr1w9xc5279jqxql020jp295d377nqrms826gnhgqxt5g5m9dqlfqf3f,addr1w9rerwzk0f5v4den9u2c7anv2d4dl88hq9cq0xgcmernsfsak7w6r,112575837
addr1w9xc5279jqxql020jp295d377nqrms826gnhgqxt5g5m9dqlfqf3f,addr1w8f6ks97mprgnz7gp9v6c7ynaqpst7jsssguntu4euzewssa8ffal,112575837
addr1w9xc5279jqxql020jp295d377nqrms826gnhgqxt5g5m9dqlfqf3f,addr1wxc40w4gk5lh6d6fqvmhx7zrahes7rcgdav0mejwggce26sknjav5,112575837
addr1w9xc5279jqxql020jp295d377nqrms826gnhgqxt5g5m9dqlfqf3f,addr1wyk4u2dymyn37qy4ck2t9gmvrez9axw8kjf4hn7d3lvd5ysfpau7r,112575837
addr1w9xc5279jqxql020jp295d377nqrms826gnhgqxt5g5m9dqlfqf3f,addr1w80sd86zz3r87nyw28et6eep6q7fc6ds0t6ru6sx9pwzckczkyvl4,112575837
addr1w9xc5279jqxql020jp295d377nqrms826gnhgqxt5g5m9dqlfqf3f,addr1w828m0rdlumnp30dwmv33l4akzhxcpx7a64tuvjwhjn7pxgngjrpx,112575837
addr1w9xc5279jqxql020jp295d377nqrms826gnhgqxt5g5m9dqlfqf3f,addr1w8aqhs9aaw25jzc95chkqwje7c3ky4r7j60r3fde9zynumg7qn7kc,112575837
addr1w9xc5279jqxql020jp295d377nqrms826gnhgqxt5g5m9dqlfqf3f,addr1w8dmtwktj7lktd0zv0wpxuny590ndshmj3z8xxmq3tjyvdggs35jy,112575837
addr1w9xc5279jqxql020jp295d377nqrms826gnhgqxt5g5m9dqlfqf3f,addr1w8vh8ssekk52ye3pt7a2j8upv3qphzmar2sj68353xds9lq5urex7,112575837
addr1w9xc5279jqxql020jp295d377nqrms826gnhgqxt5g5m9dqlfqf3f,addr1w80k8xe6vckm3qgklhw98tqjekfvw3mgwux3stmtq3jlprga3u33c,112575837
addr1w9xc5279jqxql020jp295d377nqrms826gnhgqxt5g5m9dqlfqf3f,addr1wy96wdkpq2t6yf25epwtauad3kj24yrx5rk4vnmnczujknc8tptgn,112575837
addr1w9xc5279jqxql020jp295d377nqrms826gnhgqxt5g5m9dqlfqf3f,addr1w835n68qeax023uperwgwlruk3d8yjl4k98r433nhw5waqgkx8prf,112575837
addr1w9xc5279jqxql020jp295d377nqrms826gnhgqxt5g5m9dqlfqf3f,addr1w8tqqyccvj7402zns2tea78d42etw520fzvf22zmyasjdtsv3e5rz,112575837
addr1w9xc5279jqxql020jp295d377nqrms826gnhgqxt5g5m9dqlfqf3f,addr1w9v5h80g9nk4qn3vxxxrzpwp2vnr4fv9jgd7jwcnk4eseqc2arf39,112575837
addr1w9xc5279jqxql020jp295d377nqrms826gnhgqxt5g5m9dqlfqf3f,addr1wxje849hq4nmnqs8u3s3tdhyjum7sw4y9j29hlmh6x944cg7xdmn6,112575837
addr1w9xc5279jqxql020jp295d377nqrms826gnhgqxt5g5m9dqlfqf3f,addr1w9x787lmy2u0686zlppq3mw725yxr95u6puel2cflftpvacfjup2r,112575837
addr1qxh56f72cyvmdlwxxx84y9phz4fecexxe6evzp8zu5s0766035fzeqxtj9ezp8652vpna7jacm7x458cxng30lv7569s8jd2pw,addr1zxgx3far7qygq0k6epa0zcvcvrevmn0ypsnfsue94nsn3tvpw288a4x0xf8pxgcntelxmyclq83s0ykeehchz2wtspks905plm,113809999
addr1qxh56f72cyvmdlwxxx84y9phz4fecexxe6evzp8zu5s0766035fzeqxtj9ezp8652vpna7jacm7x458cxng30lv7569s8jd2pw,addr1qxh56f72cyvmdlwxxx84y9phz4fecexxe6evzp8zu5s0766035fzeqxtj9ezp8652vpna7jacm7x458cxng30lv7569s8jd2pw,113809999
addr1q800a2thlcgs4k6gl5lygm92tnhhcsu99x0sua37q70v5hqlw383vxyaz4ct7zq743td22l2nnc6zy6ymvcsmvx58m2q4rfh9m,addr1vyc7ca9flp5gfeapd78uxzzq7l6qnsytj85n62lr5smhgssen2u2s,105751956
addr1q800a2thlcgs4k6gl5lygm92tnhhcsu99x0sua37q70v5hqlw383vxyaz4ct7zq743td22l2nnc6zy6ymvcsmvx58m2q4rfh9m,addr1q800a2thlcgs4k6gl5lygm92tnhhcsu99x0sua37q70v5hqlw383vxyaz4ct7zq743td22l2nnc6zy6ymvcsmvx58m2q4rfh9m,105751956
addr1q9clukc2zldcj9j66seqn7n4mw4g0a07rpe3f53xxnvv5m2heaf72dlq3veptzmy9cyh8hvnlw9nuy7ehd9ucgntvepsvu5y6n,addr1q9clukc2zldcj9j66seqn7n4mw4g0a07rpe3f53xxnvv5m2heaf72dlq3veptzmy9cyh8hvnlw9nuy7ehd9ucgntvepsvu5y6n,107452592
addr1q9clukc2zldcj9j66seqn7n4mw4g0a07rpe3f53xxnvv5m2heaf72dlq3veptzmy9cyh8hvnlw9nuy7ehd9ucgntvepsvu5y6n,addr1w9k9jjqmy0hmm3ytt6k57v094x78xcymyg8j2xgkxju5y3qxz4y0w,107452592
addr1q9clukc2zldcj9j66seqn7n4mw4g0a07rpe3f53xxnvv5m2heaf72dlq3veptzmy9cyh8hvnlw9nuy7ehd9ucgntvepsvu5y6n,addr1qxsgae4x0z3q0hjjqcwya7vzp9f9ex52lrly0wadmfgvhpfyzttqmp0evfcrwxkda77m5lg8c9ta2aafdf83jxyvhw3sgp9v30,107452592
addr1q8gqarkxy3k5xu4k8ywlur5z6pp0f9eev4ps08wz3zdjkwm6jsglxzcktpmlgc9lhgh48fcge3wwkthk98whdx2a9mss54dtup,addr1q9pusf8vk3uyfr9upu4e8r3xawrlxwp6jvl0s2dxvtahwz9hdg0pkj3s0f2u34e4pg6mdta3dtm5rpa4r0uaydg2cs8syrmlwm,107955114
addr1q8gqarkxy3k5xu4k8ywlur5z6pp0f9eev4ps08wz3zdjkwm6jsglxzcktpmlgc9lhgh48fcge3wwkthk98whdx2a9mss54dtup,addr1q9pusf8vk3uyfr9upu4e8r3xawrlxwp6jvl0s2dxvtahwz9hdg0pkj3s0f2u34e4pg6mdta3dtm5rpa4r0uaydg2cs8syrmlwm,107955114
addr1q8gqarkxy3k5xu4k8ywlur5z6pp0f9eev4ps08wz3zdjkwm6jsglxzcktpmlgc9lhgh48fcge3wwkthk98whdx2a9mss54dtup,addr1q8gqarkxy3k5xu4k8ywlur5z6pp0f9eev4ps08wz3zdjkwm6jsglxzcktpmlgc9lhgh48fcge3wwkthk98whdx2a9mss54dtup,107955114
addr1q8gqarkxy3k5xu4k8ywlur5z6pp0f9eev4ps08wz3zdjkwm6jsglxzcktpmlgc9lhgh48fcge3wwkthk98whdx2a9mss54dtup,addr1qxsgae4x0z3q0hjjqcwya7vzp9f9ex52lrly0wadmfgvhpfyzttqmp0evfcrwxkda77m5lg8c9ta2aafdf83jxyvhw3sgp9v30,107955114
addr1q87fyvq7a2d50efju2u43k4uwhhkgzdgf3ft4kfmv0d8qd7t0h0whm2pl6ak3exh34hw506mgmwn56zfdxkgyfpvv83swcqh2l,addr1qyh72a2uqgwvnarxzv6yc6eey4jtjxngc7ye7dxd8vy0jc30u464cqsue86xvye5f34njftyhydx33ufnu6v6wcgl93qktvlc6,111767269
addr1vy4k5fq5gl6dpq59xxk2hn77glue385p6650unx2dz6au2grjv7uq,addr1vy4k5fq5gl6dpq59xxk2hn77glue385p6650unx2dz6au2grjv7uq,104035612
addr1vy4k5fq5gl6dpq59xxk2hn77glue385p6650unx2dz6au2grjv7uq,addr1v9derlkwqz9gq8zs08mqcl48lmuh7xvjncef7cgfdxhwscg66txdr,104035612
addr1vy4k5fq5gl6dpq59xxk2hn77glue385p6650unx2dz6au2grjv7uq,addr1v9czugj3u8aawnhq7xr6ga03ua78cn05kc6av3lk47dmp7cq95py9,104035612
addr1vy4k5fq5gl6dpq59xxk2hn77glue385p6650unx2dz6au2grjv7uq,addr1v9gx6wckvg4ufu0npd5g5j93fhtaa5zdeau549cagp6wyzcd7nku5,104035612
addr1vy4k5fq5gl6dpq59xxk2hn77glue385p6650unx2dz6au2grjv7uq,addr1v9zwqlc8599q9tsefra27kkyv7zlkah895w3h0dguv7hvncg6l0mx,104035612
addr1vy4k5fq5gl6dpq59xxk2hn77glue385p6650unx2dz6au2grjv7uq,addr1v824s00r6sh8qh74ndwy3mxggh3e4aaewrwculww44x7frc4nmw4w,104035612
addr1vy4k5fq5gl6dpq59xxk2hn77glue385p6650unx2dz6au2grjv7uq,addr1vxllqy9ngsrf5tuclw69l27sm9hlplx7eyt9gqtc86qujtgrpnjxy,104035612
addr1vy4k5fq5gl6dpq59xxk2hn77glue385p6650unx2dz6au2grjv7uq,addr1vynhj44dcz24g52fadv2x2fjmur5wz0rzhm6pqeuffh6zgq697d03,104035612
addr1vy4k5fq5gl6dpq59xxk2hn77glue385p6650unx2dz6au2grjv7uq,addr1v8cq8kv59vkrd64auys4lrq6axsc5jtuzuf2j9wvnp92udqn3l3rv,104035612
addr1vy4k5fq5gl6dpq59xxk2hn77glue385p6650unx2dz6au2grjv7uq,addr1vy40hvsd7xwvphq6kvap8lgkf46n950nqlahj2qwnvnkfvchhxp8x,104035612
addr1vy4k5fq5gl6dpq59xxk2hn77glue385p6650unx2dz6au2grjv7uq,addr1qynd9hyzct4e55cgx908hhsaz22tphwmy8ns2mxhc3x82ymqxn9x68kzv86mc6xj9jdggyrc839trlxwmm8xhn54qtvsq49st5,104035612
addr1q90zsmh46wwwhyz4ys4lskj70hxqs2jpg83cuqudgla7zd7lhcw03gtr5l0rvhyue0lvtrtj8gf3zzjs0fljzydglvws7qrelg,addr1q94z4gachymtffe88v89ypjjydmfy4hhqevrk565s06xzzxlhcw03gtr5l0rvhyue0lvtrtj8gf3zzjs0fljzydglvwsrwgl06,110812892
addr1q9sklfx9x625h7s9uxd5mkw8jpj54rvgnhet9ftujfutd567p49rzkvjucetmczv8vnp47crc63vpqvs6w2uwmg6ha0synmyd7,addr1q9yt8yts65v2e0sceyd0x7wdqpzq4ujhsqwmaw7375q2l6xk8ge4phhlycwkg394tshfz85zkzjv3a8570x7g055hrcsp6hd7h,107968825
addr1q9sklfx9x625h7s9uxd5mkw8jpj54rvgnhet9ftujfutd567p49rzkvjucetmczv8vnp47crc63vpqvs6w2uwmg6ha0synmyd7,addr1q9sklfx9x625h7s9uxd5mkw8jpj54rvgnhet9ftujfutd567p49rzkvjucetmczv8vnp47crc63vpqvs6w2uwmg6ha0synmyd7,107968825
addr1q9sklfx9x625h7s9uxd5mkw8jpj54rvgnhet9ftujfutd567p49rzkvjucetmczv8vnp47crc63vpqvs6w2uwmg6ha0synmyd7,addr1q9sklfx9x625h7s9uxd5mkw8jpj54rvgnhet9ftujfutd567p49rzkvjucetmczv8vnp47crc63vpqvs6w2uwmg6ha0synmyd7,107968825
addr1qx73j9k07c2vj9axayxaenx8wzy4rp8f072jz3axlt7e3zgayrykzm5avu4j6ul0pp6rql5g62jhmrfm4976m3wv6u5s5h3h9d,addr1qyzj0vp4tkzhpy4wra95qx5ak5hxnjn8fg0yd37luxw96lascwmpj7587cejyt5ue6u4xxudngccu2rxdzvgnvz3yxqsal0569,103864398
addr1qx73j9k07c2vj9axayxaenx8wzy4rp8f072jz3axlt7e3zgayrykzm5avu4j6ul0pp6rql5g62jhmrfm4976m3wv6u5s5h3h9d,addr1qx73j9k07c2vj9axayxaenx8wzy4rp8f072jz3axlt7e3zgayrykzm5avu4j6ul0pp6rql5g62jhmrfm4976m3wv6u5s5h3h9d,103864398
addr1qx82l9937upzu6r3dm8lg3t02ejhsgln33qd9mqpgnmtkkkyq54850ej8j82235p8pk3dukcshmyfkelghdg5md7qk3sd76v59,addr1qysdcqpnz4rlw03vy33eypxsj3whhq59zx49emlcepfxgyn72mcnmxlj5cmw8grn25gf3hh397p3fvd0frl2arcdcczshw5w9m,108815304
addr1qx82l9937upzu6r3dm8lg3t02ejhsgln33qd9mqpgnmtkkkyq54850ej8j82235p8pk3dukcshmyfkelghdg5md7qk3sd76v59,addr1qx82l9937upzu6r3dm8lg3t02ejhsgln33qd9mqpgnmtkkkyq54850ej8j82235p8pk3dukcshmyfkelghdg5md7qk3sd76v59,108815304
addr1qx82l9937upzu6r3dm8lg3t02ejhsgln33qd9mqpgnmtkkkyq54850ej8j82235p8pk3dukcshmyfkelghdg5md7qk3sd76v59,addr1qx82l9937upzu6r3dm8lg3t02ejhsgln33qd9mqpgnmtkkkyq54850ej8j82235p8pk3dukcshmyfkelghdg5md7qk3sd76v59,108815304
addr1qx82l9937upzu6r3dm8lg3t02ejhsgln33qd9mqpgnmtkkkyq54850ej8j82235p8pk3dukcshmyfkelghdg5md7qk3sd76v59,addr1qx82l9937upzu6r3dm8lg3t02ejhsgln33qd9mqpgnmtkkkyq54850ej8j82235p8pk3dukcshmyfkelghdg5md7qk3sd76v59,108815304
addr1q85drlt7c7fkxde5rpx5vdrgpnpdnt8nnza5a68dwgqwpy2fv2qapqqj3vc8uzqgy2gs2wa4j67m9k8pyp6a3ph5tl3qwzqc7n,addr1q85drlt7c7fkxde5rpx5vdrgpnpdnt8nnza5a68dwgqwpy2fv2qapqqj3vc8uzqgy2gs2wa4j67m9k8pyp6a3ph5tl3qwzqc7n,104348981
addr1q85drlt7c7fkxde5rpx5vdrgpnpdnt8nnza5a68dwgqwpy2fv2qapqqj3vc8uzqgy2gs2wa4j67m9k8pyp6a3ph5tl3qwzqc7n,addr1wxn9efv2f6w82hagxqtn62ju4m293tqvw0uhmdl64ch8uwc0h43gt,104348981
addr1qylz2azpzq47j84xuv00jlnsh4gkzpl370ne65nshgzgf7g8xtk93yeuzkjlv700qytl7hav8kqj4jqaa5xk00w67n0spev69v,addr1v8vqt24ee97ks09lp9tfupen3p09knqqw2ryp2c5plvrp5g8exhlm,106169755
addr1qylz2azpzq47j84xuv00jlnsh4gkzpl370ne65nshgzgf7g8xtk93yeuzkjlv700qytl7hav8kqj4jqaa5xk00w67n0spev69v,addr1qxq74c8dr75m2j0ejmewrkpztd2kvj63kdujren7lczpw3q8xtk93yeuzkjlv700qytl7hav8kqj4jqaa5xk00w67n0spxz7gd,106169755
addr1q8x8uxfmj2v7xcyp92vcsmfdnxs9slsvekc6nrdqn7mquc55sdy0h0rj8mg9c55exyfhf2lkfh0tr4z0q4mwqs4msexspyc7ys,addr1vx69slry2j9sevq3jstfws2wm8q3zeqra59vm0mc43tymqgs3q2sn,107627554
