index,amount,tx_id,src,dst
0,280113718,106066808,stake1z96tmfcw8wjwf6mygq9gqt9htpqj4uz856yse4hdg53rqwgjrlv,stake1z96tmfcw8wjwf6mygq9gqt9htpqj4uz856yse4hdg53rqwgjrlv
1,22265944,109537649,stake1w2sas4q24c0yvgpndajsenq3raljv892d465nsntckv2yknvl67,stake15ew2tzjwn364l2pszu7j5h9w63v2crrnl97m074w9elrk57mwc8
2,1150770,109537649,stake1w2sas4q24c0yvgpndajsenq3raljv892d465nsntckv2yknvl67,stake1w2sas4q24c0yvgpndajsenq3raljv892d465nsntckv2yknvl67
3,13884036547,109537649,stake1w2sas4q24c0yvgpndajsenq3raljv892d465nsntckv2yknvl67,stake1w2sas4q24c0yvgpndajsenq3raljv892d465nsntckv2yknvl67
4,1232660,109878818,stake1nr8lu5hyslu2t2j08mvu93sdtrjp66e8lhaat4r4nacek8wcejx,stake12a8fzqzsnx3er32jcsdmapr732998gpdx832z6d03cvnym78r3r
5,50801581,109878818,stake1nr8lu5hyslu2t2j08mvu93sdtrjp66e8lhaat4r4nacek8wcejx,stake1nr8lu5hyslu2t2j08mvu93sdtrjp66e8lhaat4r4nacek8wcejx
6,1379280,103705810,stake15h92xjnmwvn7k52zakkm2u6s8avltmqhawnxlqg7s0l56xsca58,stake15h92xjnmwvn7k52zakkm2u6s8avltmqhawnxlqg7s0l56xsca58
7,1344798,104998886,stake17mmrl5n4ks8suj0q5r26dqxsjndm0nlcfctvgx5l7dnduhfhl7k,stake1f75jshps9w2h4upn8vg232w82t7x99ejkz64jtfurj3mxp9mnat
8,103120160,104998886,stake17mmrl5n4ks8suj0q5r26dqxsjndm0nlcfctvgx5l7dnduhfhl7k,stake17mmrl5n4ks8suj0q5r26dqxsjndm0nlcfctvgx5l7dnduhfhl7k
9,2824075,104998886,stake17mmrl5n4ks8suj0q5r26dqxsjndm0nlcfctvgx5l7dnduhfhl7k,stake17mmrl5n4ks8suj0q5r26dqxsjndm0nlcfctvgx5l7dnduhfhl7k
10,1193870,107626900,stake1u256rdampf3vvjw9hz2kr8t4rwmg2vnzuhpzg99aru6sczvs6fh,stake156q8n3tpv8lxpaeqqc7dhca0vzzh3ps4u87g7zwmsdxccmegzjg
11,1405060,107626900,stake1u256rdampf3vvjw9hz2kr8t4rwmg2vnzuhpzg99aru6sczvs6fh,stake1u256rdampf3vvjw9hz2kr8t4rwmg2vnzuhpzg99aru6sczvs6fh
12,4651861,107626900,stake1u256rdampf3vvjw9hz2kr8t4rwmg2vnzuhpzg99aru6sczvs6fh,stake1u256rdampf3vvjw9hz2kr8t4rwmg2vnzuhpzg99aru6sczvs6fh
13,3500000,108218994,stake1jer03kr7eyz4y7ynaucjg4yuga20cvx6j48qhhy4kkuc769lyae,stake1h0vkjfjzjuk4u553ruc0ent3rgyxk8ca7ls374llwh30vuyv943
14,5004000000,108218994,stake1jer03kr7eyz4y7ynaucjg4yuga20cvx6j48qhhy4kkuc769lyae,stake15ew2tzjwn364l2pszu7j5h9w63v2crrnl97m074w9elrk57mwc8
15,5338876499,108218994,stake1jer03kr7eyz4y7ynaucjg4yuga20cvx6j48qhhy4kkuc769lyae,stake1jer03kr7eyz4y7ynaucjg4yuga20cvx6j48qhhy4kkuc769lyae
16,3275155849,108934121,stake1reu24e7fpnpk6cj00vamdkrt2f5kmjzwfy8ng0463yq97e3s267,stake1reu24e7fpnpk6cj00vamdkrt2f5kmjzwfy8ng0463yq97e3s267
17,6300000,111931742,stake19a7v8cwrm8m9skh439ak7ummday37jeq5gpdv9uf83v8u7ufqag,stake1hsn4w5lss7kz3jm7fcctnqd2rgu5kwn6rp7j2sjj5pln6lz4fyw
18,969750,111931742,stake19a7v8cwrm8m9skh439ak7ummday37jeq5gpdv9uf83v8u7ufqag,stake1reu24e7fpnpk6cj00vamdkrt2f5kmjzwfy8ng0463yq97e3s267
19,34734000,111931742,stake19a7v8cwrm8m9skh439ak7ummday37jeq5gpdv9uf83v8u7ufqag,stake1epu39rf4fyalezafethknlahk7kz8f8txy3s2tlc7c6cspqecjw
20,1159390,111931742,stake19a7v8cwrm8m9skh439ak7ummday37jeq5gpdv9uf83v8u7ufqag,stake19a7v8cwrm8m9skh439ak7ummday37jeq5gpdv9uf83v8u7ufqag
21,57470977,111931742,stake19a7v8cwrm8m9skh439ak7ummday37jeq5gpdv9uf83v8u7ufqag,stake19a7v8cwrm8m9skh439ak7ummday37jeq5gpdv9uf83v8u7ufqag
22,621385819,111382236,stake12ftrc4qshlm2p4pue6ahcdlp7604avnq25jjrt0lxwuuydjkxdx,stake12ftrc4qshlm2p4pue6ahcdlp7604avnq25jjrt0lxwuuydjkxdx
23,1379280,111382236,stake12ftrc4qshlm2p4pue6ahcdlp7604avnq25jjrt0lxwuuydjkxdx,stake12ftrc4qshlm2p4pue6ahcdlp7604avnq25jjrt0lxwuuydjkxdx
24,1772209547,111382236,stake12ftrc4qshlm2p4pue6ahcdlp7604avnq25jjrt0lxwuuydjkxdx,stake1udtewkq3tlrk2fjzfhquacs4sgak0z4znuu3vvc7l6e4knm4f4f
25,138105984196,111382236,stake12ftrc4qshlm2p4pue6ahcdlp7604avnq25jjrt0lxwuuydjkxdx,stake12ftrc4qshlm2p4pue6ahcdlp7604avnq25jjrt0lxwuuydjkxdx
26,5000000,103705810,stake15h92xjnmwvn7k52zakkm2u6s8avltmqhawnxlqg7s0l56xsca58,stake15h92xjnmwvn7k52zakkm2u6s8avltmqhawnxlqg7s0l56xsca58
27,45617314,103705810,stake15h92xjnmwvn7k52zakkm2u6s8avltmqhawnxlqg7s0l56xsca58,stake15h92xjnmwvn7k52zakkm2u6s8avltmqhawnxlqg7s0l56xsca58
28,50989800,104191472,stake1je2qrs4jj29f3j6auh4mkajtjeplnp9v4alea0kv3c0lxnu35n8,stake15q772nh06jk27rjqm5w2jj0me5hkvk8ewq7g7kw2j698v0r6kvu
29,50989800,104191472,stake1je2qrs4jj29f3j6auh4mkajtjeplnp9v4alea0kv3c0lxnu35n8,stake1reu24e7fpnpk6cj00vamdkrt2f5kmjzwfy8ng0463yq97e3s267
30,2447510400,104191472,stake1je2qrs4jj29f3j6auh4mkajtjeplnp9v4alea0kv3c0lxnu35n8,stake1dkxyky8g03q442wa372k0fkkplv5umj9f82a43rnk63mcra0ww0
31,1517208,104191472,stake1je2qrs4jj29f3j6auh4mkajtjeplnp9v4alea0kv3c0lxnu35n8,stake1je2qrs4jj29f3j6auh4mkajtjeplnp9v4alea0kv3c0lxnu35n8
32,5000000,104191472,stake1je2qrs4jj29f3j6auh4mkajtjeplnp9v4alea0kv3c0lxnu35n8,stake1je2qrs4jj29f3j6auh4mkajtjeplnp9v4alea0kv3c0lxnu35n8
33,1424863145,104191472,stake1je2qrs4jj29f3j6auh4mkajtjeplnp9v4alea0kv3c0lxnu35n8,stake1je2qrs4jj29f3j6auh4mkajtjeplnp9v4alea0kv3c0lxnu35n8
34,712431573,104191472,stake1je2qrs4jj29f3j6auh4mkajtjeplnp9v4alea0kv3c0lxnu35n8,stake1je2qrs4jj29f3j6auh4mkajtjeplnp9v4alea0kv3c0lxnu35n8
35,356215786,104191472,stake1je2qrs4jj29f3j6auh4mkajtjeplnp9v4alea0kv3c0lxnu35n8,stake1je2qrs4jj29f3j6auh4mkajtjeplnp9v4alea0kv3c0lxnu35n8
36,178107893,104191472,stake1je2qrs4jj29f3j6auh4mkajtjeplnp9v4alea0kv3c0lxnu35n8,stake1je2qrs4jj29f3j6auh4mkajtjeplnp9v4alea0kv3c0lxnu35n8
37,176639109,104191472,stake1je2qrs4jj29f3j6auh4mkajtjeplnp9v4alea0kv3c0lxnu35n8,stake1je2qrs4jj29f3j6auh4mkajtjeplnp9v4alea0kv3c0lxnu35n8
38,5249058711,112575837,stake1fk9zh3vsps8m6nus23drv0h5cq7up6kjya6qpjaz9xetg3jxz95,stake1ygqfne0yxpr4cgv4rqtealr7djpgnkcz3yzgxsp96kcgvt0na4h
39,1516000000,112575837,stake1fk9zh3vsps8m6nus23drv0h5cq7up6kjya6qpjaz9xetg3jxz95,stake1cgewm5c8gm3me6zllmxlen9hnauuqsl95kgzvzce2e29x6vwf3m
40,3172160,112575837,stake1fk9zh3vsps8m6nus23drv0h5cq7up6kjya6qpjaz9xetg3jxz95,stake102uufhnnyj87wx6hq9sa4txxm58nzsf7xe9mxqg2mqengkqqr8s
41,3206640,112575837,stake1fk9zh3vsps8m6nus23drv0h5cq7up6kjya6qpjaz9xetg3jxz95,stake1jughs9azdf7fdm2wxhk0lvxfr565f8a3n4ntaeaxrew0u6lm25x
42,2241200,112575837,stake1fk9zh3vsps8m6nus23drv0h5cq7up6kjya6qpjaz9xetg3jxz95,stake1e4wwlhds4ap5x0v7lhuwm879hqgl2eytjgjxd9hqvdxzxuln5s2
43,2999760,112575837,stake1fk9zh3vsps8m6nus23drv0h5cq7up6kjya6qpjaz9xetg3jxz95,stake1zdx2a4ceqe2e5haaj37lqzvz4fd8xqag6l5wdlext8avsnlpkhq
44,1051640,112575837,stake1fk9zh3vsps8m6nus23drv0h5cq7up6kjya6qpjaz9xetg3jxz95,stake1fk9zh3vsps8m6nus23drv0h5cq7up6kjya6qpjaz9xetg3jxz95
45,1043020,112575837,stake1fk9zh3vsps8m6nus23drv0h5cq7up6kjya6qpjaz9xetg3jxz95,stake1kqvjtfht84r2g6k74y06s2vfc9yhrs36vz7n9yqrwy5yu836kz4
46,1055950,112575837,stake1fk9zh3vsps8m6nus23drv0h5cq7up6kjya6qpjaz9xetg3jxz95,stake1g7gms4n6dr9twve0zk8hvmzndt0eeacpwqrejxx7guuzvpttn5a
47,1043020,112575837,stake1fk9zh3vsps8m6nus23drv0h5cq7up6kjya6qpjaz9xetg3jxz95,stake16w45p0kcg6ychjqftxk83ylgqvzl55yyz8y6l9w0qkt5yv5nyyg
48,1047330,112575837,stake1fk9zh3vsps8m6nus23drv0h5cq7up6kjya6qpjaz9xetg3jxz95,stake1k9tm42948a7nwjgrxaehssld7v8s7zr0tr77vnjzxx2k5q78jzf
49,1030090,112575837,stake1fk9zh3vsps8m6nus23drv0h5cq7up6kjya6qpjaz9xetg3jxz95,stake1940znfxeyu0sp9w9jje2xmq7g30fn3a5jddulnv0mrdpy3xf322
50,1060260,112575837,stake1fk9zh3vsps8m6nus23drv0h5cq7up6kjya6qpjaz9xetg3jxz95,stake1murf7ss5gel5erj3727kwgws8jwxnvr67slx5p3gtsk9kxs7p3m
51,1038710,112575837,stake1fk9zh3vsps8m6nus23drv0h5cq7up6kjya6qpjaz9xetg3jxz95,stake1637mcm0lxucvtmtkmyv0a0ds4ekqfhhw42lryn4u5lsfjaeskrh
52,1034400,112575837,stake1fk9zh3vsps8m6nus23drv0h5cq7up6kjya6qpjaz9xetg3jxz95,stake1lg9up00tj4yskpdx9asr5k0kyd39gl5kncu2twfg3ylx6t8unju
53,1168010,112575837,stake1fk9zh3vsps8m6nus23drv0h5cq7up6kjya6qpjaz9xetg3jxz95,stake1mw6m4juhhajmtcnrmsfhye9ptumv97u5g3e3kcy2u3rr2h9wyd8
54,1060260,112575837,stake1fk9zh3vsps8m6nus23drv0h5cq7up6kjya6qpjaz9xetg3jxz95,stake1m9euyxd44z3xvg2lh253lqtygqdcklg65yk3udyfnvp0c0wrkr5
55,1060260,112575837,stake1fk9zh3vsps8m6nus23drv0h5cq7up6kjya6qpjaz9xetg3jxz95,stake1ma3ekwnx9kugz9ham3f6cykdjtr5w6rhp5vz76cyvhcg6jed8jq
56,1060260,112575837,stake1fk9zh3vsps8m6nus23drv0h5cq7up6kjya6qpjaz9xetg3jxz95,stake1pwnndsgzj73z24xgtjl08tvd5j4fqe4qa4ty7u7qhy45703u7d7
57,1055950,112575837,stake1fk9zh3vsps8m6nus23drv0h5cq7up6kjya6qpjaz9xetg3jxz95,stake1udy73cx0fn650qwgmjrhcl95tfeyhad3fcavvvam4rhgz0l0x6k
58,1034400,112575837,stake1fk9zh3vsps8m6nus23drv0h5cq7up6kjya6qpjaz9xetg3jxz95,stake16cqpxxryh4t6s5uzj7003md2k2m4zn6gnz2jske8vyn2uvxrusp
59,1034400,112575837,stake1fk9zh3vsps8m6nus23drv0h5cq7up6kjya6qpjaz9xetg3jxz95,stake1t99em6pva4gyutp33scsts2nyca2tpvjr05nkya4wvxgx9pvdjy
60,1168010,112575837,stake1fk9zh3vsps8m6nus23drv0h5cq7up6kjya6qpjaz9xetg3jxz95,stake15kfafdc9v7ucyplyvy2mdeyhxl5r4fpvj3dl7a733ddwzqvkry5
61,1055950,112575837,stake1fk9zh3vsps8m6nus23drv0h5cq7up6kjya6qpjaz9xetg3jxz95,stake1fh3lh7ezhr737shcggywmhj4ppsed8xs0x06kz062ct8wqamwmk
62,1451000000,113809999,stake1f7x3ytyqewghygyl23fsx0h6thr0c6kslq6dz9lan6ngkqk7v4k,stake1s9egulk5eueyuyerzd08umvnruq7xpujm8xlzuffewqx6q8c2ns
63,10994978,113809999,stake1f7x3ytyqewghygyl23fsx0h6thr0c6kslq6dz9lan6ngkqk7v4k,stake1f7x3ytyqewghygyl23fsx0h6thr0c6kslq6dz9lan6ngkqk7v4k
64,5000000,105751956,stake1ra6y79scn52hp0cgr6k9d4fta2w0rggngndnzrds6sldgw9nr8m,stake1x8k8f20cdzzw0gt03lpsss8h7syupzu3ay7jhcayxa6yyukj762
65,2314699,105751956,stake1ra6y79scn52hp0cgr6k9d4fta2w0rggngndnzrds6sldgw9nr8m,stake1ra6y79scn52hp0cgr6k9d4fta2w0rggngndnzrds6sldgw9nr8m
66,48446948,107452592,stake12l848efhuz9ny9vtvshqju7aj0ack0snmxa5hnpzddnyxn5kmdf,stake12l848efhuz9ny9vtvshqju7aj0ack0snmxa5hnpzddnyxn5kmdf
67,1525826,107452592,stake12l848efhuz9ny9vtvshqju7aj0ack0snmxa5hnpzddnyxn5kmdf,stake1d3v5sxera77ufz67448nredfh3ekpxezpuj3j935h9pygfcfp7v
68,2000000,107452592,stake12l848efhuz9ny9vtvshqju7aj0ack0snmxa5hnpzddnyxn5kmdf,stake1ysfdvrv9l938qdc6ehhmmwnaqlq404th494y7xgc3ja6xyysq62
69,242285964,107955114,stake1022pructzev80arqh7az75a8prx9e6ew7c5a6a5et5hwzqpgpm7,stake1ka4pux62xpa9tjxhx59rtd40k940wsv8k5dln534ptzq7m2yx46
70,1344798,107955114,stake1022pructzev80arqh7az75a8prx9e6ew7c5a6a5et5hwzqpgpm7,stake1ka4pux62xpa9tjxhx59rtd40k940wsv8k5dln534ptzq7m2yx46
71,1344798,107955114,stake1022pructzev80arqh7az75a8prx9e6ew7c5a6a5et5hwzqpgpm7,stake1022pructzev80arqh7az75a8prx9e6ew7c5a6a5et5hwzqpgpm7
72,2000000,107955114,stake1022pructzev80arqh7az75a8prx9e6ew7c5a6a5et5hwzqpgpm7,stake1ysfdvrv9l938qdc6ehhmmwnaqlq404th494y7xgc3ja6xyysq62
73,11158699,111767269,stake1ed7aa6ldg8ltk68y67xka63ltdrd6wngf956eq3y93s7xl0akyd,stake19ljh2hqzrnylgesnx3xxkwf9vju356x83x0nfnfmprukyg7pzqp
74,1379280,104035612,stake19d4zg9z87ngg9pf34j4ulhj8lxvfaqwk4rlyejngkh0zjk23yhz,stake19d4zg9z87ngg9pf34j4ulhj8lxvfaqwk4rlyejngkh0zjk23yhz
75,1344798,104035612,stake19d4zg9z87ngg9pf34j4ulhj8lxvfaqwk4rlyejngkh0zjk23yhz,stake1twglansq32qpc5re7cx8afl7l9l3ny57x20kzztf4m5xztcuq5g
76,1344798,104035612,stake19d4zg9z87ngg9pf34j4ulhj8lxvfaqwk4rlyejngkh0zjk23yhz,stake1wqhzy50pl0t5ac83s7j8tu08037yma9kxhty0a40nwc0kd68ljy
77,1444443,104035612,stake19d4zg9z87ngg9pf34j4ulhj8lxvfaqwk4rlyejngkh0zjk23yhz,stake12pknk9nz90z0ructdz9y3v2d6l0dqnw0099fw82qwn3qkhvajku
78,1344798,104035612,stake19d4zg9z87ngg9pf34j4ulhj8lxvfaqwk4rlyejngkh0zjk23yhz,stake1gns87papfgp2ux2gl2h443r8shahdeedr5dmm28r84my7g9g86e
79,1344798,104035612,stake19d4zg9z87ngg9pf34j4ulhj8lxvfaqwk4rlyejngkh0zjk23yhz,stake164vrmc759ec9l4vmt3ywejz9uwd00wtsmk88mn4dfhjg73edzkm
80,1500000,104035612,stake19d4zg9z87ngg9pf34j4ulhj8lxvfaqwk4rlyejngkh0zjk23yhz,stake1hlcppv6yq6dzlx8mk306h5xedlc0ehkfze2qz7p7s8yj66kl7rg
81,1344798,104035612,stake19d4zg9z87ngg9pf34j4ulhj8lxvfaqwk4rlyejngkh0zjk23yhz,stake1yau4dtwqj429zj0ttz3jjvklqarsncc477sgx0z2d7sjqg6uu86
82,1344798,104035612,stake19d4zg9z87ngg9pf34j4ulhj8lxvfaqwk4rlyejngkh0zjk23yhz,stake17qpan9pt9smw400py90ccxhf5x9yjlqhz253tnycf2hrgktmgmj
83,1344798,104035612,stake19d4zg9z87ngg9pf34j4ulhj8lxvfaqwk4rlyejngkh0zjk23yhz,stake19tamyr03nnqdcx4n8gfl69jdw5edruc8ldujsr5myajtxtnq0ak
84,4650579,104035612,stake19d4zg9z87ngg9pf34j4ulhj8lxvfaqwk4rlyejngkh0zjk23yhz,stake1vq6v5mg7cfslt0rg6gkf4pqs0q7y4v0uem0vu67wj5pdjddvgqd
85,356381840,110812892,stake1m7lpe79pvwnaudjunn9la3vdwgapxyg22pa87gg34ra36x5xxau,stake1m7lpe79pvwnaudjunn9la3vdwgapxyg22pa87gg34ra36x5xxau
86,1706760,107968825,stake1tcx55v2ejtnr900qfsajvxhmq0r29sypjrfet3mdr2l47d3cut4,stake16carx5x7lunp6ezyk4wzayg7s2c2fj857neumep7jju0ztzualw
87,4417750,107968825,stake1tcx55v2ejtnr900qfsajvxhmq0r29sypjrfet3mdr2l47d3cut4,stake1tcx55v2ejtnr900qfsajvxhmq0r29sypjrfet3mdr2l47d3cut4
88,115119259,107968825,stake1tcx55v2ejtnr900qfsajvxhmq0r29sypjrfet3mdr2l47d3cut4,stake1tcx55v2ejtnr900qfsajvxhmq0r29sypjrfet3mdr2l47d3cut4
89,1344798,103864398,stake1r5svjctwn4njkttnauy8gvr73rf22lvd8w5hmtw9entjjfer6j7,stake1krpmvxt6slmrxg3wnn8tj5cm3kdrrr3gve5f3zds2ysczasytjs
90,25794283,103864398,stake1r5svjctwn4njkttnauy8gvr73rf22lvd8w5hmtw9entjjfer6j7,stake1r5svjctwn4njkttnauy8gvr73rf22lvd8w5hmtw9entjjfer6j7
91,3353180,108815304,stake1cszj573lxg7gaf2xsyux69hjmzzlv3xm8aza4zndhcz6xsapx8c,stake10et0z0vm72nrdcaqwd23pxx77yhcx9934ay0at50phrq2pxgvy7
92,22291320,108815304,stake1cszj573lxg7gaf2xsyux69hjmzzlv3xm8aza4zndhcz6xsapx8c,stake1cszj573lxg7gaf2xsyux69hjmzzlv3xm8aza4zndhcz6xsapx8c
93,22330110,108815304,stake1cszj573lxg7gaf2xsyux69hjmzzlv3xm8aza4zndhcz6xsapx8c,stake1cszj573lxg7gaf2xsyux69hjmzzlv3xm8aza4zndhcz6xsapx8c
94,19640670,108815304,stake1cszj573lxg7gaf2xsyux69hjmzzlv3xm8aza4zndhcz6xsapx8c,stake1cszj573lxg7gaf2xsyux69hjmzzlv3xm8aza4zndhcz6xsapx8c
95,138821262,104348981,stake1f93gr5yqz29nqlsgpq3fzpfmkkttmvkcuys8tkyx7307y9gaqwj,stake1f93gr5yqz29nqlsgpq3fzpfmkkttmvkcuys8tkyx7307y9gaqwj
96,4068744,104348981,stake1f93gr5yqz29nqlsgpq3fzpfmkkttmvkcuys8tkyx7307y9gaqwj,stake15ew2tzjwn364l2pszu7j5h9w63v2crrnl97m074w9elrk57mwc8
97,40000000,106169755,stake1quewckyn8s26taneauq30l6l4s7cz2kgrhks6eaamt6d7hm36zk,stake1mqz64wwf045re0cf260qwvugted5cqrjseq2k9q0mqcdzzflf5f
98,10094086,106169755,stake1quewckyn8s26taneauq30l6l4s7cz2kgrhks6eaamt6d7hm36zk,stake1quewckyn8s26taneauq30l6l4s7cz2kgrhks6eaamt6d7hm36zk
99,5000000,107627554,stake1jjp537auwgldqhzjnyc3xa9t7exaavw5fuzhdczzhwry6wvegnx,stake1k3v8cez53vxtqyv5z6t5znkecygkgqldptxm779v2excz053n9y
